iter	Logloss
0	0.6822354977
1	0.6687897597
2	0.6580490206
3	0.6509901205
4	0.6405928079
